id,name,age,email,address,phone,identity_card
1,Michael Elizabeth Brown,57,Michael_Elizabeth_Brown@gmail.com,UbzovgIJExVoXcCmaVjb,2062618240,98044232
2,James James Brown,70,James_James_Brown@gmail.com,obpyHVJKvaGpevpgZWRz,6392455215,73569068
3,John Grace Miller,79,John_Grace_Miller@gmail.com,nIsyMQDkcKFbBwcbrYXz,2685502187,82865554
4,William Lynn Garcia,35,William_Lynn_Garcia@gmail.com,pRYHRQTVgExRRobYbXIu,7448319234,33210671
5,David Lynn Wilson,55,David_Lynn_Wilson@gmail.com,VShDYSptTperfkzUIFDb,9334014427,10186112
6,James Anne Jones,59,James_Anne_Jones@gmail.com,VESOoGnCvrJTuzxLOInm,0699418171,76434437
7,Michael Elizabeth Davis,63,Michael_Elizabeth_Davis@gmail.com,bvYSsfluCaYpzSgpfezA,0948676836,59806788
8,Jennifer Grace Johnson,69,Jennifer_Grace_Johnson@gmail.com,AIjRWHZNRGegfRQeVdJt,5765896433,98535272
9,David Michael Rodriguez,33,David_Michael_Rodriguez@gmail.com,tvwSGKaBrTqaobTJFcyd,3344126890,53352375
10,Emily Anne Wilson,52,Emily_Anne_Wilson@gmail.com,QqKSewzMqvtSdzhsNVqd,1283774418,71116586
11,David Elizabeth Brown,25,David_Elizabeth_Brown@gmail.com,hzgHstMPgfXVdGvkdNPl,6213249657,89700378
12,Mary Lee Williams,73,Mary_Lee_Williams@gmail.com,XyESXIwZvTMQZuevBvTM,5014379263,79590096
13,William Lynn Miller,79,William_Lynn_Miller@gmail.com,QSzNTScDxnLpgcDISatX,5263530675,41696728
14,Sarah Grace Garcia,72,Sarah_Grace_Garcia@gmail.com,qIdtsqPOvGvQHnOiWyHn,5871768710,30057827
15,Michael Marie Wilson,62,Michael_Marie_Wilson@gmail.com,jimwmsfFbqUmQJitQgmh,8590876813,86124476
16,David Joseph Davis,57,David_Joseph_Davis@gmail.com,cYIFcizpFKYmsPsTlFxd,3899860065,92850615
17,Sarah Joseph Smith,36,Sarah_Joseph_Smith@gmail.com,PUCTdxETlyPwxkoELnGe,5146094331,29977110
18,Mary Rose Davis,53,Mary_Rose_Davis@gmail.com,RtQDXkdnvcHSxcDjDlQx,3585852652,21064697
19,James Michael Davis,77,James_Michael_Davis@gmail.com,GgnbuuwLsdZKeSUqEyhL,3698012403,08994065
20,David Elizabeth Davis,31,David_Elizabeth_Davis@gmail.com,lowZxuXdiwShlyLBDarM,3570972629,41944673
21,William Joseph Jones,18,William_Joseph_Jones@gmail.com,YjHgrkOKnTigzORmjfgS,1762418387,86299963
22,James Lee Rodriguez,31,James_Lee_Rodriguez@gmail.com,SNtGadEthvXDCCTqYLLs,6364307644,29799000
23,William Anne Garcia,31,William_Anne_Garcia@gmail.com,STTSekSVLAafTpivnlvc,7699897425,84160386
24,Emily Marie Davis,31,Emily_Marie_Davis@gmail.com,GhqOjEsHqonYdPtfdHks,4453132260,38394994
25,John Elizabeth Wilson,49,John_Elizabeth_Wilson@gmail.com,tNFRUzKEqjxliqZXIkvP,5071983720,98843726
26,David Rose Brown,80,David_Rose_Brown@gmail.com,MycPXlypuzDQcYXJyoAZ,9920869386,72401645
27,Mary Lee Wilson,74,Mary_Lee_Wilson@gmail.com,XXjGjfbFdluzgdrEddPl,6631322717,37079994
28,Sarah Joseph Smith,69,Sarah_Joseph_Smith@gmail.com,HBYorrCMRjwCitofLDha,4138015938,58055884
29,Jennifer Marie Williams,28,Jennifer_Marie_Williams@gmail.com,CtgwDYhhmQmfpbvykkrd,4591935505,87306447
30,Mary Elizabeth Davis,74,Mary_Elizabeth_Davis@gmail.com,VrVjxmVKxklKQRCfaeOr,3032663924,37603525
31,David Elizabeth Davis,34,David_Elizabeth_Davis@gmail.com,ZmkWJtmDHIynpaFqPulX,3171620587,51387235
32,David Marie Rodriguez,24,David_Marie_Rodriguez@gmail.com,JJYnIfKWGIXiUYbcgqOj,9670530475,78793319
33,Mary Joseph Johnson,18,Mary_Joseph_Johnson@gmail.com,ZaNwjpdwTbclUxJVBjWx,5438575067,44665427
34,Mary Joseph Wilson,18,Mary_Joseph_Wilson@gmail.com,tvWGEkPyNSmeZxgyxIuG,5093470213,12424404
35,Sarah Michael Miller,59,Sarah_Michael_Miller@gmail.com,YhgPJsFpKmrTQeOMTRbL,3919862473,38095691
36,Emily Anne Rodriguez,52,Emily_Anne_Rodriguez@gmail.com,zRMLTHjVdCwJlQPnAmSM,5135364917,55510862
37,David Marie Rodriguez,52,David_Marie_Rodriguez@gmail.com,btrTpqgrZVXdQqBGvWUM,6983062847,23593290
38,Sarah Lynn Davis,45,Sarah_Lynn_Davis@gmail.com,EZhdPDjahHaFIjKLIHfj,9755489512,99001404
39,Elizabeth Michael Wilson,18,Elizabeth_Michael_Wilson@gmail.com,imowzxVjJdwAhWnjoxaC,0027224399,54999199
40,Sarah Lynn Brown,24,Sarah_Lynn_Brown@gmail.com,NJtgBBwLwuSsFvWjXgJP,2578895114,77508625
41,Mary Anne Rodriguez,79,Mary_Anne_Rodriguez@gmail.com,SvZomrnkeAbDVmYQKfHy,3310029515,94715626
42,David Rose Johnson,39,David_Rose_Johnson@gmail.com,nAgkToAKoTKFMVoRryVZ,4316288666,49873427
43,Michael Anne Jones,65,Michael_Anne_Jones@gmail.com,jugXWGvTyZktoqmMyEAf,6519798365,10596714
44,John Elizabeth Johnson,45,John_Elizabeth_Johnson@gmail.com,xMKertgzPfOsppYVDnUe,9312024759,85568205
45,Michael Lynn Davis,25,Michael_Lynn_Davis@gmail.com,lRbExldfdIYPRHAGobXc,8157476582,87557590
46,William Grace Smith,56,William_Grace_Smith@gmail.com,cQJFQvyPkJPbBDStTqoe,4767260734,46202255
47,Emily James Rodriguez,76,Emily_James_Rodriguez@gmail.com,UrPHXJlUdgpWwkJFImQE,8322949809,38856760
48,Michael Grace Davis,45,Michael_Grace_Davis@gmail.com,ymXgYwRjtqlYqeyrTFDl,6256687938,09284285
49,John Michael Jones,20,John_Michael_Jones@gmail.com,lRuJzHmhtgZpxwZnXsMt,4777136167,02591506
50,John Marie Williams,41,John_Marie_Williams@gmail.com,LOplpHItYZeuihJTakjt,7315522538,20000857
51,Sarah Marie Garcia,34,Sarah_Marie_Garcia@gmail.com,rntFQfcvzzHVvZTSNgHf,2659005740,28371853
52,John James Williams,31,John_James_Williams@gmail.com,BWzEQQolQVPwVUYHBaVv,6326823789,14351728
53,Mary Michael Garcia,76,Mary_Michael_Garcia@gmail.com,ekagMdRCmoSdlYLBYJMD,4722235515,89424643
54,James Joseph Garcia,53,James_Joseph_Garcia@gmail.com,xVhPbWQhFgefjETXFVOh,7326756045,50231091
55,Elizabeth Lee Miller,70,Elizabeth_Lee_Miller@gmail.com,IxZmxEYchVPMJPWWTHhj,6064514998,11663012
56,Sarah Joseph Miller,28,Sarah_Joseph_Miller@gmail.com,spwnjsKUxyzxDjOLOqIr,9533570133,34574731
57,James James Jones,26,James_James_Jones@gmail.com,mRvpzcCPobUjMMOjesTJ,2194200905,76761875
58,Emily Michael Jones,68,Emily_Michael_Jones@gmail.com,nKKMMEJDfMosKtsKeVCo,4322102274,12259198
59,William Joseph Johnson,29,William_Joseph_Johnson@gmail.com,ZONEbjyLbbaEDyYqqVfx,2591353125,77016203
60,Jennifer James Williams,28,Jennifer_James_Williams@gmail.com,tnhnuUHeYMHrJeenfmNl,8373831412,64669713
61,James Anne Smith,33,James_Anne_Smith@gmail.com,gGuauWtvIcWdRLhytprf,8045289688,98112106
62,Jennifer Rose Garcia,18,Jennifer_Rose_Garcia@gmail.com,cCppbphNdhncJyqsuERa,5576398925,66185220
63,Jennifer James Brown,64,Jennifer_James_Brown@gmail.com,pFTbITYvQmmNirGarsAC,2614885642,26351258
64,John Lee Miller,33,John_Lee_Miller@gmail.com,JdPhzilOJAPUJJKNjikD,2102082053,47745324
65,James Joseph Rodriguez,77,James_Joseph_Rodriguez@gmail.com,HcFQLluBZIdWLeUAicho,4005401589,56251451
66,Mary Marie Williams,52,Mary_Marie_Williams@gmail.com,ewMzfJRpRvBBZUqAjjhK,7976506700,98376326
67,Mary Marie Garcia,54,Mary_Marie_Garcia@gmail.com,FmQVyRlTrQunFZhPatAz,0593587347,27269388
68,David Joseph Wilson,47,David_Joseph_Wilson@gmail.com,LOjpcTzHvavwBVxNTjOs,4466910200,50742209
69,Michael Lee Williams,61,Michael_Lee_Williams@gmail.com,XKzkkaerEMykebdvrDMH,9632615118,86160245
70,Elizabeth Rose Wilson,25,Elizabeth_Rose_Wilson@gmail.com,oUhVhLMgmYEZRmAdoSvC,2427177714,24248071
71,James Lee Johnson,64,James_Lee_Johnson@gmail.com,DjcltGdiBxlvgWHXLJSc,0691503435,94546866
72,Mary Grace Davis,53,Mary_Grace_Davis@gmail.com,AMMpJLVFeQmBaQsICVvd,4874858656,62670350
73,James Joseph Rodriguez,28,James_Joseph_Rodriguez@gmail.com,ybUEaOfceBpzflvZjvzr,5133785078,66693644
74,Emily Michael Johnson,18,Emily_Michael_Johnson@gmail.com,YwhlVWSCLjCOUOXuMbWW,1414055441,25745005
75,Sarah Marie Brown,78,Sarah_Marie_Brown@gmail.com,VbJNFsxLIMbhCXmtBgIR,8592611069,57746129
76,James Rose Johnson,53,James_Rose_Johnson@gmail.com,yJkRaMuVFZuHVWveftEE,9512872560,05361765
77,David Joseph Miller,62,David_Joseph_Miller@gmail.com,MZijnfTLXQjqOLwvDMXb,1468977555,51730304
78,James Marie Wilson,70,James_Marie_Wilson@gmail.com,ruqzDJTRMZHtZpqdrsyN,1229440877,44756884
79,Emily James Williams,18,Emily_James_Williams@gmail.com,ijdqSIZbSFErdAqqzzPn,3003080043,03436176
80,Jennifer James Garcia,68,Jennifer_James_Garcia@gmail.com,CSJwBpdcdrNRshIRnELz,5968122753,89910673
81,James Lynn Miller,35,James_Lynn_Miller@gmail.com,uPCikGDyZjZqKbDiuUGT,5769869348,01015475
82,David Elizabeth Garcia,79,David_Elizabeth_Garcia@gmail.com,bzMneeyQMcPebIvxPENc,5725506013,07940786
83,William Rose Williams,60,William_Rose_Williams@gmail.com,pZxzJPueDXxmqyItMNTr,6084241474,76078376
84,David Joseph Johnson,24,David_Joseph_Johnson@gmail.com,BLkbNvrmuxMCQINejzqe,3106711174,83458933
85,William Rose Miller,66,William_Rose_Miller@gmail.com,DbciZxkhRHViLPpWFkGw,5054268287,40938704
86,Jennifer Joseph Johnson,70,Jennifer_Joseph_Johnson@gmail.com,giDInJAZAwqVBGsKvTlv,5908060227,35584939
87,David Marie Brown,54,David_Marie_Brown@gmail.com,AHPtvwUQTpkPhZecAzXG,6469875544,43355643
88,David James Johnson,68,David_James_Johnson@gmail.com,osIiliboHFThopWQhIcV,5042782807,24801149
89,Jennifer Elizabeth Jones,69,Jennifer_Elizabeth_Jones@gmail.com,SualPuLbYKUmKqaTjmZx,4845644826,04475976
90,William Elizabeth Brown,44,William_Elizabeth_Brown@gmail.com,NRNRwSgcWEWfhzhnjiPL,1482246716,29266483
91,Jennifer Michael Brown,55,Jennifer_Michael_Brown@gmail.com,igTruxRJPSLlPEmIfomO,1221733241,19871688
92,Mary Anne Miller,47,Mary_Anne_Miller@gmail.com,MAFFBNtnyTSRWhuGkGUW,7436426178,02379218
93,Michael Marie Garcia,49,Michael_Marie_Garcia@gmail.com,EOnvgHZxqdMKYvLYROQb,2145849793,73505546
94,Jennifer James Davis,43,Jennifer_James_Davis@gmail.com,cuJhASrRdWTbJlDEeInr,1167876588,98833483
95,Emily Elizabeth Johnson,34,Emily_Elizabeth_Johnson@gmail.com,qINNBOpphpDrwOzsVeNx,2178882858,24590674
96,David Grace Wilson,49,David_Grace_Wilson@gmail.com,XOamFteqwnJsiJgvFVuw,8964409333,64993497
97,Emily Marie Brown,58,Emily_Marie_Brown@gmail.com,HpQkfXhamBzOcjWAvIOP,7272525887,45483813
98,Sarah Lynn Garcia,71,Sarah_Lynn_Garcia@gmail.com,sfgUPJdsUBvNtSraPAHv,9885499352,89343821
99,Michael Joseph Garcia,70,Michael_Joseph_Garcia@gmail.com,phwDybofgjmuZBNkTtUJ,1706865695,68009753
100,Sarah Michael Miller,45,Sarah_Michael_Miller@gmail.com,mibrJTGxTHgRMYLOYZzK,8916292630,15911102
